email,password,password_confirmation,first_name,last_name,about,gender,dob,phone,city,town,work,title,school,number_of_friendsAdamJ@gmail.com,secret,secret,Adam,J.,Hi I'm Adam,male,8/14/84,,Queens,,,,SUNY Albany,730AlexanderR@gmail.com,secret,secret,Alexander,R.,Hi I'm Alexander,male,10/14/88,,Queens,,,,Vanderbilt ,335AliciaF@gmail.com,secret,secret,Alicia,F.,Hi I'm Alicia,female,7/5/82,,Fort Worth,,,,Wagner ,656AllisonH@gmail.com,secret,secret,Allison,H.,Hi I'm Allison,female,7/9/87,,Brooklyn,,,,Villanova ,767AmandaR@gmail.com,secret,secret,Amanda,R.,Hi I'm Amanda,female,6/19/87,,Virginia Beach,,,,Wagner ,110AmberD@gmail.com,secret,secret,Amber,D.,Hi I'm Amber,female,8/11/86,,New York,,,,Davidson ,260AmberG@gmail.com,secret,secret,Amber,G.,Hi I'm Amber,female,2/27/81,,Brooklyn,,,,Connecticut ,858AmberL@gmail.com,secret,secret,Amber,L.,Hi I'm Amber,female,7/28/87,,New York,,,,Princeton ,750AmyO@gmail.com,secret,secret,Amy,O.,Hi I'm Amy,female,6/27/89,,New York,,,,Kenyon ,429AprilJ@gmail.com,secret,secret,April,J.,Hi I'm April,female,10/6/76,,New York,,,,Stanford ,142AprilV@gmail.com,secret,secret,April,V.,Hi I'm April,female,7/10/85,,Brooklyn,,,,Ursinus ,908AshleyA@gmail.com,secret,secret,Ashley,A.,Hi I'm Ashley,female,6/24/84,,New York,,,,U Rochester,279AshleyT@gmail.com,secret,secret,Ashley,T.,Hi I'm Ashley,female,12/18/78,,Queens,,,,Emory ,877BenjaminP@gmail.com,secret,secret,Benjamin,P.,Hi I'm Benjamin,male,1/15/86,,Brooklyn,,,,Oberlin,502BillyX@gmail.com,secret,secret,Billy,X.,Hi I'm Billy,male,8/6/80,,New York,,,,Wheaton ,962BrandiQ@gmail.com,secret,secret,Brandi,Q.,Hi I'm Brandi,female,1/20/84,,Santa Ana,,,,Umass,207BrandiA@gmail.com,secret,secret,Brandi,A.,Hi I'm Brandi,female,1/26/80,,New York,,,,Stony Brook ,298BrandyB@gmail.com,secret,secret,Brandy,B.,Hi I'm Brandy,female,9/8/77,,Queens,,,,Boston College,942BrandyF@gmail.com,secret,secret,Brandy,F.,Hi I'm Brandy,female,1/14/79,,New York,,,,SUNY Albany,907BrentP@gmail.com,secret,secret,Brent,P.,Hi I'm Brent,male,12/5/83,,Queens,,,,Penn State,118BrentZ@gmail.com,secret,secret,Brent,Z.,Hi I'm Brent,male,2/21/86,,New York,,,,Whitman ,651BrianJ@gmail.com,secret,secret,Brian,J.,Hi I'm Brian,male,11/13/89,,Queens,,,,Bowdoin ,535BrianP@gmail.com,secret,secret,Brian,P.,Hi I'm Brian,male,12/18/80,,Queens,,,,Davidson ,677BrianI@gmail.com,secret,secret,Brian,I.,Hi I'm Brian,male,5/21/87,,New York,,,,Dartmouth ,728CandiceM@gmail.com,secret,secret,Candice,M.,Hi I'm Candice,female,6/4/79,,Queens,,,,NYU,811CatherineT@gmail.com,secret,secret,Catherine,T.,Hi I'm Catherine,female,6/23/84,,Nashville,,,,Seton Hall ,734ChadJ@gmail.com,secret,secret,Chad,J.,Hi I'm Chad,male,2/24/78,,Queens,,,,Penn State,820ChadG@gmail.com,secret,secret,Chad,G.,Hi I'm Chad,male,11/3/87,,Fresno,,,,UC Berkeley,421CharlesK@gmail.com,secret,secret,Charles,K.,Hi I'm Charles,male,12/29/84,,Queens,,,,Bucknell ,577CharlesM@gmail.com,secret,secret,Charles,M.,Hi I'm Charles,male,12/27/80,,Louisville,,,,Norwich ,458ChristineB@gmail.com,secret,secret,Christine,B.,Hi I'm Christine,female,10/4/80,,Oklahoma City,,,,Wake Forest ,648ChristyO@gmail.com,secret,secret,Christy,O.,Hi I'm Christy,female,7/17/78,,Queens,,,,Lawrence ,469CoreyB@gmail.com,secret,secret,Corey,B.,Hi I'm Corey,male,7/3/81,,New York,,,,Dowling ,509CoryE@gmail.com,secret,secret,Cory,E.,Hi I'm Cory,male,2/18/88,,Brooklyn,,,,Hofstra ,519CoryD@gmail.com,secret,secret,Cory,D.,Hi I'm Cory,male,3/31/84,,New York,,,,Bates ,489CourtneyD@gmail.com,secret,secret,Courtney,D.,Hi I'm Courtney,female,5/5/77,,Queens,,,,Barnard ,815CraigB@gmail.com,secret,secret,Craig,B.,Hi I'm Craig,male,12/31/82,,New York,,,,Whitman ,701CrystalZ@gmail.com,secret,secret,Crystal,Z.,Hi I'm Crystal,female,8/1/76,,Brooklyn,,,,RISD,705CynthiaW@gmail.com,secret,secret,Cynthia,W.,Hi I'm Cynthia,female,11/20/78,,Brooklyn,,,,Colby ,509DanielD@gmail.com,secret,secret,Daniel,D.,Hi I'm Daniel,male,10/24/82,,New York,,,,Mount Holyoke ,829DanielleZ@gmail.com,secret,secret,Danielle,Z.,Hi I'm Danielle,female,9/13/79,,New York,,,,Syracuse ,496DavidI@gmail.com,secret,secret,David,I.,Hi I'm David,male,2/24/86,,New York,,,,Colby ,329DeniseR@gmail.com,secret,secret,Denise,R.,Hi I'm Denise,female,12/23/84,,Milwaukee,,,,UCLA,797DennisL@gmail.com,secret,secret,Dennis,L.,Hi I'm Dennis,male,9/11/79,,New York,,,,Rider ,136DennisM@gmail.com,secret,secret,Dennis,M.,Hi I'm Dennis,male,5/3/75,,Kansas City,,,,Bryant ,815DerekK@gmail.com,secret,secret,Derek,K.,Hi I'm Derek,male,6/10/77,,Albuquerque,,,,Marist ,767DonaldL@gmail.com,secret,secret,Donald,L.,Hi I'm Donald,male,7/10/79,,Brooklyn,,,,Bowdoin ,776DouglasM@gmail.com,secret,secret,Douglas,M.,Hi I'm Douglas,male,2/15/86,,New York,,,,Carnegie Mellon ,851EdwardU@gmail.com,secret,secret,Edward,U.,Hi I'm Edward,male,1/21/86,,Queens,,,,Haverford ,109EdwardS@gmail.com,secret,secret,Edward,S.,Hi I'm Edward,male,12/13/89,,Riverside,,,,Upenn,434EricU@gmail.com,secret,secret,Eric,U.,Hi I'm Eric,male,3/11/76,,New York,,,,Rice ,381EricI@gmail.com,secret,secret,Eric,I.,Hi I'm Eric,male,7/10/82,,Queens,,,,Williams ,903EricaS@gmail.com,secret,secret,Erica,S.,Hi I'm Erica,female,4/2/75,,Brooklyn,,,,Tufts ,492ErikW@gmail.com,secret,secret,Erik,W.,Hi I'm Erik,male,8/29/82,,New York,,,,West Chester ,450ErikH@gmail.com,secret,secret,Erik,H.,Hi I'm Erik,male,9/10/82,,Queens,,,,Gettysburg ,187ErinD@gmail.com,secret,secret,Erin,D.,Hi I'm Erin,female,8/13/81,,Brooklyn,,,,Cornell ,123FrankW@gmail.com,secret,secret,Frank,W.,Hi I'm Frank,male,11/13/76,,Saint Louis,,,,Bryn Mawr ,764FrankC@gmail.com,secret,secret,Frank,C.,Hi I'm Frank,male,1/22/79,,Brooklyn,,,,Brown ,383GaryQ@gmail.com,secret,secret,Gary,Q.,Hi I'm Gary,male,11/7/82,,Brooklyn,,,,Wheaton ,811HeatherZ@gmail.com,secret,secret,Heather,Z.,Hi I'm Heather,female,7/12/75,,Queens,,,,Ursinus ,682HeidiI@gmail.com,secret,secret,Heidi,I.,Hi I'm Heidi,female,6/8/83,,Brooklyn,,,,Merrimack ,140HeidiZ@gmail.com,secret,secret,Heidi,Z.,Hi I'm Heidi,female,12/27/76,,Brooklyn,,,,West Chester ,324JacquelineC@gmail.com,secret,secret,Jacqueline,C.,Hi I'm Jacqueline,female,3/24/82,,Brooklyn,,,,St. Thomas ,423JamieZ@gmail.com,secret,secret,Jamie,Z.,Hi I'm Jamie,female,5/22/75,,Queens,,,,Lafayette ,936JaredY@gmail.com,secret,secret,Jared,Y.,Hi I'm Jared,male,4/28/82,,Queens,,,,Saint Anselm ,247JaredJ@gmail.com,secret,secret,Jared,J.,Hi I'm Jared,male,10/25/77,,Mesa,,,,Ithaca ,107JasonF@gmail.com,secret,secret,Jason,F.,Hi I'm Jason,male,1/21/76,,Queens,,,,Adelphi ,225JasonI@gmail.com,secret,secret,Jason,I.,Hi I'm Jason,male,12/11/87,,Jacksonville,,,,Quinnipiac ,300JefferyS@gmail.com,secret,secret,Jeffery,S.,Hi I'm Jeffery,male,11/1/81,,New York,,,,UC Berkeley,247JefferyU@gmail.com,secret,secret,Jeffery,U.,Hi I'm Jeffery,male,9/22/89,,New York,,,,Whitman ,637JefferyQ@gmail.com,secret,secret,Jeffery,Q.,Hi I'm Jeffery,male,5/18/87,,Queens,,,,St. John's,241JeremyM@gmail.com,secret,secret,Jeremy,M.,Hi I'm Jeremy,male,6/15/88,,Omaha,,,,Harvard ,418JerryP@gmail.com,secret,secret,Jerry,P.,Hi I'm Jerry,male,3/4/77,,Queens,,,,Brown ,170JesseF@gmail.com,secret,secret,Jesse,F.,Hi I'm Jesse,male,7/12/84,,New York,,,,Pomona ,432JesseM@gmail.com,secret,secret,Jesse,M.,Hi I'm Jesse,male,3/31/82,,Queens,,,,RISD,228JessicaB@gmail.com,secret,secret,Jessica,B.,Hi I'm Jessica,female,8/15/83,,Queens,,,,Wake Forest ,470JessicaQ@gmail.com,secret,secret,Jessica,Q.,Hi I'm Jessica,female,10/27/79,,Queens,,,,Swarthmore ,101JessicaL@gmail.com,secret,secret,Jessica,L.,Hi I'm Jessica,female,1/31/84,,Brooklyn,,,,Hofstra ,366JillJ@gmail.com,secret,secret,Jill,J.,Hi I'm Jill,female,1/13/83,,Sacramento,,,,Willamette ,198JoelR@gmail.com,secret,secret,Joel,R.,Hi I'm Joel,male,12/6/84,,Brooklyn,,,,Willamette ,378JohnG@gmail.com,secret,secret,John,G.,Hi I'm John,male,5/18/86,,New York,,,,MIT,365JohnZ@gmail.com,secret,secret,John,Z.,Hi I'm John,male,1/3/87,,Tampa,,,,Rutgers,748JonathanG@gmail.com,secret,secret,Jonathan,G.,Hi I'm Jonathan,male,3/17/89,,Queens,,,,RISD,891JoseY@gmail.com,secret,secret,Jose,Y.,Hi I'm Jose,male,4/8/79,,Kansas City,,,,Umass,373JoshuaI@gmail.com,secret,secret,Joshua,I.,Hi I'm Joshua,male,8/22/75,,Queens,,,,Grinnell ,204JoshuaN@gmail.com,secret,secret,Joshua,N.,Hi I'm Joshua,male,4/20/85,,Brooklyn,,,,Reed ,670JoshuaJ@gmail.com,secret,secret,Joshua,J.,Hi I'm Joshua,male,4/29/80,,Aurora,,,,Cornell ,363JuanV@gmail.com,secret,secret,Juan,V.,Hi I'm Juan,male,3/23/85,,Queens,,,,Wesleyan ,553JulieH@gmail.com,secret,secret,Julie,H.,Hi I'm Julie,female,11/19/75,,New York,,,,Stanford ,450JustinR@gmail.com,secret,secret,Justin,R.,Hi I'm Justin,male,6/1/79,,New York,,,,Wagner ,806JustinU@gmail.com,secret,secret,Justin,U.,Hi I'm Justin,male,11/18/89,,Queens,,,,Whitman ,306KathrynY@gmail.com,secret,secret,Kathryn,Y.,Hi I'm Kathryn,female,3/21/83,,Jacksonville,,,,DePauw ,570KellyD@gmail.com,secret,secret,Kelly,D.,Hi I'm Kelly,female,6/19/75,,Brooklyn,,,,Iona ,405KristinaX@gmail.com,secret,secret,Kristina,X.,Hi I'm Kristina,female,1/28/76,,Austin,,,,St. Thomas ,663LarryR@gmail.com,secret,secret,Larry,R.,Hi I'm Larry,male,7/15/87,,Queens,,,,Georgetown ,750LauraY@gmail.com,secret,secret,Laura,Y.,Hi I'm Laura,female,9/25/83,,Oakland,,,,Seton Hall ,803LeahL@gmail.com,secret,secret,Leah,L.,Hi I'm Leah,female,4/5/88,,New York,,,,Colby ,194LindseyF@gmail.com,secret,secret,Lindsey,F.,Hi I'm Lindsey,female,8/23/89,,Jacksonville,,,,Pomona ,942LucasC@gmail.com,secret,secret,Lucas,C.,Hi I'm Lucas,male,6/27/81,,Queens,,,,Amherst ,542LucasR@gmail.com,secret,secret,Lucas,R.,Hi I'm Lucas,male,1/27/77,,Tulsa,,,,Whitman ,787LuisF@gmail.com,secret,secret,Luis,F.,Hi I'm Luis,male,7/2/75,,Queens,,,,Centre ,168LukeA@gmail.com,secret,secret,Luke,A.,Hi I'm Luke,male,2/25/88,,Queens,,,,Bryant ,855MarcusX@gmail.com,secret,secret,Marcus,X.,Hi I'm Marcus,male,4/17/87,,Honolulu,,,,Merrimack ,947MariaN@gmail.com,secret,secret,Maria,N.,Hi I'm Maria,female,5/8/83,,Detroit,,,,Swarthmore ,926MariaI@gmail.com,secret,secret,Maria,I.,Hi I'm Maria,female,12/29/76,,Cincinnati,,,,Notre Dame,907MariaU@gmail.com,secret,secret,Maria,U.,Hi I'm Maria,female,5/5/89,,Miami,,,,Centre ,845MeganW@gmail.com,secret,secret,Megan,W.,Hi I'm Megan,female,3/5/84,,New York,,,,Harvard ,407MeganP@gmail.com,secret,secret,Megan,P.,Hi I'm Megan,female,10/31/76,,Queens,,,,Seton Hall ,964MelindaB@gmail.com,secret,secret,Melinda,B.,Hi I'm Melinda,female,10/29/80,,Brooklyn,,,,Georgetown ,568MelissaE@gmail.com,secret,secret,Melissa,E.,Hi I'm Melissa,female,1/26/81,,Queens,,,,Bryn Mawr ,151MistyN@gmail.com,secret,secret,Misty,N.,Hi I'm Misty,female,12/16/79,,Brooklyn,,,,Williams ,758NicholasX@gmail.com,secret,secret,Nicholas,X.,Hi I'm Nicholas,male,5/29/89,,Queens,,,,Saint Anselm ,433NicoleN@gmail.com,secret,secret,Nicole,N.,Hi I'm Nicole,female,6/19/76,,Brooklyn,,,,Yale ,789PatrickQ@gmail.com,secret,secret,Patrick,Q.,Hi I'm Patrick,male,6/11/89,,New York,,,,UVA,851PaulU@gmail.com,secret,secret,Paul,U.,Hi I'm Paul,male,12/30/86,,New York,,,,U Michigan,960PhilipM@gmail.com,secret,secret,Philip,M.,Hi I'm Philip,male,6/16/89,,Brooklyn,,,,DePauw ,931PhilipZ@gmail.com,secret,secret,Philip,Z.,Hi I'm Philip,male,10/11/75,,Queens,,,,Penn State,524PhilipD@gmail.com,secret,secret,Philip,D.,Hi I'm Philip,male,1/28/86,,Las Vegas,,,,Gettysburg ,740PhillipL@gmail.com,secret,secret,Phillip,L.,Hi I'm Phillip,male,4/15/80,,Brooklyn,,,,UNC,435RachelM@gmail.com,secret,secret,Rachel,M.,Hi I'm Rachel,female,8/20/80,,Brooklyn,,,,Centre ,765RaymondY@gmail.com,secret,secret,Raymond,Y.,Hi I'm Raymond,male,2/21/77,,Queens,,,,Yale ,913RichardD@gmail.com,secret,secret,Richard,D.,Hi I'm Richard,male,1/11/79,,Queens,,,,Tufts ,860RobertK@gmail.com,secret,secret,Robert,K.,Hi I'm Robert,male,10/6/89,,Portland,,,,Bryant ,330RussellA@gmail.com,secret,secret,Russell,A.,Hi I'm Russell,male,2/17/82,,New York,,,,Kenyon ,594RussellQ@gmail.com,secret,secret,Russell,Q.,Hi I'm Russell,male,6/8/76,,Albuquerque,,,,MIT,169SamanthaQ@gmail.com,secret,secret,Samantha,Q.,Hi I'm Samantha,female,6/14/89,,New York,,,,Rutgers,958SamuelK@gmail.com,secret,secret,Samuel,K.,Hi I'm Samuel,male,11/2/80,,New York,,,,UVM,937SamuelG@gmail.com,secret,secret,Samuel,G.,Hi I'm Samuel,male,6/17/88,,Queens,,,,Williams ,724SandraT@gmail.com,secret,secret,Sandra,T.,Hi I'm Sandra,female,9/18/85,,New York,,,,FIT,169ScottT@gmail.com,secret,secret,Scott,T.,Hi I'm Scott,male,10/17/87,,Brooklyn,,,,Lawrence ,500ShaneC@gmail.com,secret,secret,Shane,C.,Hi I'm Shane,male,10/10/78,,San Diego,,,,Wofford ,494ShannonD@gmail.com,secret,secret,Shannon,D.,Hi I'm Shannon,female,4/18/79,,New York,,,,Norwich ,165ShaunO@gmail.com,secret,secret,Shaun,O.,Hi I'm Shaun,male,12/14/77,,New York,,,,Emory ,572ShawnC@gmail.com,secret,secret,Shawn,C.,Hi I'm Shawn,male,8/4/82,,Queens,,,,Widener ,413StephanieQ@gmail.com,secret,secret,Stephanie,Q.,Hi I'm Stephanie,female,1/30/86,,Brooklyn,,,,Bowdoin ,251StephanieA@gmail.com,secret,secret,Stephanie,A.,Hi I'm Stephanie,female,6/9/75,,Fresno,,,,Baruch ,848TaraB@gmail.com,secret,secret,Tara,B.,Hi I'm Tara,female,4/21/89,,Brooklyn,,,,Reed ,975TaraI@gmail.com,secret,secret,Tara,I.,Hi I'm Tara,female,4/4/76,,Queens,,,,Barnard ,479TeresaO@gmail.com,secret,secret,Teresa,O.,Hi I'm Teresa,female,6/6/82,,New York,,,,Fordham ,749ThomasF@gmail.com,secret,secret,Thomas,F.,Hi I'm Thomas,male,3/2/82,,Mesa,,,,U Rochester,746TimothyE@gmail.com,secret,secret,Timothy,E.,Hi I'm Timothy,male,6/12/89,,New York,,,,Villanova ,716TinaJ@gmail.com,secret,secret,Tina,J.,Hi I'm Tina,female,3/5/76,,New York,,,,Vassar ,848TinaT@gmail.com,secret,secret,Tina,T.,Hi I'm Tina,female,3/5/77,,Honolulu,,,,Grinnell ,522ToddB@gmail.com,secret,secret,Todd,B.,Hi I'm Todd,male,5/27/86,,Philadelphia,,,,Carnegie Mellon ,214TravisU@gmail.com,secret,secret,Travis,U.,Hi I'm Travis,male,12/28/81,,Nashville,,,,Union ,121TravisS@gmail.com,secret,secret,Travis,S.,Hi I'm Travis,male,1/30/81,,Pittsburgh,,,,Mount Holyoke ,209ValerieL@gmail.com,secret,secret,Valerie,L.,Hi I'm Valerie,female,6/17/85,,Saint Louis,,,,Saint Anselm ,595WesleyV@gmail.com,secret,secret,Wesley,V.,Hi I'm Wesley,male,7/31/88,,Philadelphia,,,,Cornell ,368WilliamK@gmail.com,secret,secret,William,K.,Hi I'm William,male,1/23/80,,New Orleans,,,,U Conn,225ZacharyD@gmail.com,secret,secret,Zachary,D.,Hi I'm Zachary,male,6/28/82,,Queens,,,,Ursinus ,320